date,caption,media_url
2021-01-24 11:42,"I‚Äôve got a new running harness, my hooman seems to be quite slow though!",https://scontent-iad3-1.cdninstagram.com/v/t50.2886-16/142057374_507799100199444_2851176172789141979_n.mp4?efg=eyJ2ZW5jb2RlX3RhZyI6InZ0c192b2RfdXJsZ2VuLjcyMC5mZWVkLmRlZmF1bHQiLCJxZV9ncm91cHMiOiJbXCJpZ193ZWJfZGVsaXZlcnlfdnRzX290ZlwiXSJ9&_nc_ht=scontent-iad3-1.cdninstagram.com&_nc_cat=100&_nc_ohc=jlx4yYRFReQAX-pavKz&vs=17924041648502269_1365470895&_nc_vs=HBksFQAYJEdKNmZkd2dVRXZ3dzE4MEJBTnVSSjN1ZmFaRW5ia1lMQUFBRhUAAsgBABUAGCRHRm53ZlFoT3JSVklnWXNBQUxIM3pWVU5jZk41YmtZTEFBQUYVAgLIAQAoABgAGwGIB3VzZV9vaWwBMBUAACb6rvPWxPTWPxUCKAJDMywXQB27ZFocrAgYEmRhc2hfYmFzZWxpbmVfMV92MREAdeoHAA%3D%3D&oe=601E3763&oh=109bf8ef7865e29b16bcb125147de34a
2021-01-24 11:42,"I‚Äôve got a new running harness, my hooman seems to be quite slow though!",https://scontent-ort2-1.cdninstagram.com/v/t50.2886-16/142197073_1540433969473651_3272110236055114153_n.mp4?_nc_ht=scontent-ort2-1.cdninstagram.com&_nc_cat=107&_nc_ohc=hOxnsbSvMzsAX_ilQNM&oe=6014C0BB&oh=9553357f68415c88df2366c5cc405990
2020-12-31 10:58,I‚Äôm such a help around the house... today I‚Äôm shredding the cardboard for the recycling.,https://scontent-ort2-1.cdninstagram.com/v/t51.2885-15/e35/133769717_1586296008225163_7525279588866391634_n.jpg?_nc_ht=scontent-ort2-1.cdninstagram.com&_nc_cat=107&_nc_ohc=JYjv6-4zLqUAX_Ocs6W&tp=1&oh=6a2dda377aa2396befa0ebd603b4a204&oe=603B7544&ig_cache_key=MjQ3NjI1MjE4NzQxNTU5NzgyNw%3D%3D.2
2020-12-31 10:58,I‚Äôm such a help around the house... today I‚Äôm shredding the cardboard for the recycling.,https://scontent-lax3-2.cdninstagram.com/v/t51.2885-15/e35/133769717_1586296008225163_7525279588866391634_n.jpg?_nc_ht=scontent-lax3-2.cdninstagram.com&_nc_cat=107&_nc_ohc=NrXG2l2StmkAX8FdYjP&tp=1&oh=626e99bf79caee5186f0a2069c083e62&oe=60338C44&ig_cache_key=MjQ3NjI1MjE4NzQxNTU5NzgyNw%3D%3D.2
2020-12-31 10:58,I‚Äôm such a help around the house... today I‚Äôm shredding the cardboard for the recycling.,https://scontent-sea1-1.cdninstagram.com/v/t51.2885-15/e35/133769717_1586296008225163_7525279588866391634_n.jpg?_nc_ht=scontent-sea1-1.cdninstagram.com&_nc_cat=107&_nc_ohc=9WRG3W6rrgsAX8bIO3c&tp=1&oh=ec8b2458fc5794b67144b3201a5b5524&oe=6027AEC4&ig_cache_key=MjQ3NjI1MjE4NzQxNTU5NzgyNw%3D%3D.2
2020-12-31 10:58,I‚Äôm such a help around the house... today I‚Äôm shredding the cardboard for the recycling.,https://scontent-iad3-1.cdninstagram.com/v/t51.2885-15/e35/133769717_1586296008225163_7525279588866391634_n.jpg?_nc_ht=scontent-iad3-1.cdninstagram.com&_nc_cat=107&_nc_ohc=jLi_TixxQ4AAX_JBkZX&tp=1&oh=e8b8a61bd0ce6730212207ed60457802&oe=601FC5C4&ig_cache_key=MjQ3NjI1MjE4NzQxNTU5NzgyNw%3D%3D.2
2020-12-30 19:57,"Do I get a treat now please.
#vizslasofinstagram",https://scontent-iad3-1.cdninstagram.com/v/t51.2885-15/e35/133905781_869198313845590_3638822289612453189_n.jpg?_nc_ht=scontent-iad3-1.cdninstagram.com&_nc_cat=110&_nc_ohc=P8CCgN89tHgAX88ivmH&tp=1&oh=916cfa12dbe065ccf05c5b417841c316&oe=60208034&ig_cache_key=MjQ3NTc5ODg0Mjc4Nzk4OTM3OQ%3D%3D.2
2020-12-30 19:57,"Do I get a treat now please.
#vizslasofinstagram",https://scontent-iad3-1.cdninstagram.com/v/t51.2885-15/e35/133905781_869198313845590_3638822289612453189_n.jpg?_nc_ht=scontent-iad3-1.cdninstagram.com&_nc_cat=110&_nc_ohc=1N8mzuAwKNAAX96eMFX&tp=1&oh=ce386538f17987fc4770c16ed19ecbdf&oe=60189734&ig_cache_key=MjQ3NTc5ODg0Mjc4Nzk4OTM3OQ%3D%3D.2
2020-11-23 19:50,Lazy play with squeaky ball while chiilaxing.,https://scontent-iad3-1.cdninstagram.com/v/t51.2885-15/e35/127034461_1863112910504185_4305945958093806991_n.jpg?_nc_ht=scontent-iad3-1.cdninstagram.com&_nc_cat=101&_nc_ohc=F2CZScn_5eoAX8A8tjO&tp=1&oh=ac8f0308ba2fdc190bced7faee9ff3c6&oe=60186A9C&ig_cache_key=MjQ0ODk3ODc5MTE3NTk1NjQwNg%3D%3D.2
2020-11-23 19:50,Lazy play with squeaky ball while chiilaxing.,https://scontent-iad3-1.cdninstagram.com/v/t51.2885-15/e35/127034461_1863112910504185_4305945958093806991_n.jpg?_nc_ht=scontent-iad3-1.cdninstagram.com&_nc_cat=101&_nc_ohc=m65Wpx0PDCwAX8BB812&tp=1&oh=e222bad652c874673652af57d50d35c4&oe=6010819C&ig_cache_key=MjQ0ODk3ODc5MTE3NTk1NjQwNg%3D%3D.2
2020-11-23 19:50,Lazy play with squeaky ball while chiilaxing.,https://scontent-sea1-1.cdninstagram.com/v/t51.2885-15/e35/s1080x1080/127034461_1863112910504185_4305945958093806991_n.jpg?_nc_ht=scontent-sea1-1.cdninstagram.com&_nc_cat=101&_nc_ohc=m65Wpx0PDCwAX9U5s-_&tp=1&oh=d5beaed9a9f532e605cae0b7a41ad6c3&oe=600FD16C
2020-11-23 19:50,Lazy play with squeaky ball while chiilaxing.,https://scontent-lhr8-2.cdninstagram.com/v/t51.2885-15/e35/s1080x1080/127034461_1863112910504185_4305945958093806991_n.jpg?_nc_ht=scontent-lhr8-2.cdninstagram.com&_nc_cat=101&_nc_ohc=m65Wpx0PDCwAX-Sa8cs&tp=1&oh=d22f4891318baccfadf8afd3328d81a6&oe=600FD16C
2020-11-23 19:50,Lazy play with squeaky ball while chiilaxing.,https://scontent-lhr8-2.cdninstagram.com/v/t51.2885-15/e35/s1080x1080/127034461_1863112910504185_4305945958093806991_n.jpg?_nc_ht=scontent-lhr8-2.cdninstagram.com&_nc_cat=101&_nc_ohc=m65Wpx0PDCwAX-Sa8cs&tp=1&oh=d22f4891318baccfadf8afd3328d81a6&oe=600FD16C
2020-11-23 19:50,Lazy play with squeaky ball while chiilaxing.,https://scontent-lhr8-2.cdninstagram.com/v/t51.2885-15/e35/127034461_1863112910504185_4305945958093806991_n.jpg?_nc_ht=scontent-lhr8-2.cdninstagram.com&_nc_cat=101&_nc_ohc=m65Wpx0PDCwAX-Sa8cs&tp=1&oh=133b03197cbbc4fe35c2844e2b4efd4b&oe=6010819C&ig_cache_key=MjQ0ODk3ODc5MTE3NTk1NjQwNg%3D%3D.2
2020-11-13 14:43,"Living my best life, playing with pals.
Tilly, Daisy, ziggy, Jasper, max plus rousso, molly and charlie not in the picture! #eurasierpuppy #vizslasofinstagram #frenchbulldog  #spanielsofinstagram",https://scontent-lht6-1.cdninstagram.com/v/t51.2885-15/e35/s1080x1080/124929688_2804731286437020_5580605312044138755_n.jpg?_nc_ht=scontent-lht6-1.cdninstagram.com&_nc_cat=100&_nc_ohc=Suk_VrN5nr4AX_6Ou0l&tp=1&oh=6cab74ea19eb233d4c604310e9ccead6&oe=600EDC58
2020-11-12 17:09,Trio of troubleüòÅ a brief rest after a good chase with Kobe and Mia ,https://scontent-lht6-1.cdninstagram.com/v/t51.2885-15/e35/124922217_211596363679935_1998237579875465236_n.jpg?_nc_ht=scontent-lht6-1.cdninstagram.com&_nc_cat=103&_nc_ohc=39gZzj7yW8wAX-KjEdM&tp=1&oh=91b83ef7bb78f29ee275e67229a8eddd&oe=60100973&ig_cache_key=MjQ0MDkyNTE5NjM2MjczNjUwNw%3D%3D.2
2020-11-08 18:43,Chilly paddle today,https://scontent-lht6-1.cdninstagram.com/v/t51.2885-15/e35/123758725_179775570443754_2635657972314103981_n.jpg?_nc_ht=scontent-lht6-1.cdninstagram.com&_nc_cat=106&_nc_ohc=bm-JyBsTZ-cAX_YjNIS&tp=1&oh=bad9ac0242922248cb7b4446c35693d3&oe=600C9F37&ig_cache_key=MjQzODA3MzM5MDY3NDk0NDYxOA%3D%3D.2
2020-11-04 18:19,"Percy met Rita today, a labradoodle who looks remarkably like a vizsla and had lots of fun running on the seawall",https://scontent-lht6-1.cdninstagram.com/v/t51.2885-15/e35/123657069_203284651361958_154224186828328776_n.jpg?_nc_ht=scontent-lht6-1.cdninstagram.com&_nc_cat=106&_nc_ohc=hGFlCrx4iXMAX-93Nqc&tp=1&oh=49b33a0cd5602bc4b30d5b4283c0845f&oe=600F674A&ig_cache_key=MjQzNTE2MTk5MTc0NTI1MzEzMQ%3D%3D.2
2020-10-29 21:57,Percy has been beautifully captured by hurcule.. https://www.justgiving.com/fundraising/portraitsbyhercule,https://scontent-lht6-1.cdninstagram.com/v/t51.2885-15/e35/123033748_129122141991504_7749198766094177490_n.jpg?_nc_ht=scontent-lht6-1.cdninstagram.com&_nc_cat=100&_nc_ohc=fkRntfVutbgAX8Geycu&tp=1&oh=b690e6bdb26e8df88bfa9a93eb080a5e&oe=60108D79&ig_cache_key=MjQzMDkyMzEwMzQwOTQ0NTg0Mw%3D%3D.2
2020-10-28 20:02,"Full posse this morning; Rousso, max, ziggy and jasper for a seawall canter",https://scontent-lhr8-1.cdninstagram.com/v/t51.2885-15/e35/122829427_187126392963151_5679516400910923090_n.jpg?_nc_ht=scontent-lhr8-1.cdninstagram.com&_nc_cat=107&_nc_ohc=GMiyCLL6-YwAX_nMAjF&tp=1&oh=df4587a85689b568ed04db8941509db2&oe=60100F72&ig_cache_key=MjQzMDE0MDcyMTkwNzM5NjQzOA%3D%3D.2
2020-10-26 12:59,Fun with Jasper and Penny this morning,https://scontent-lht6-1.cdninstagram.com/v/t51.2885-15/e35/122779230_357399145356219_4681235939746159193_n.jpg?_nc_ht=scontent-lht6-1.cdninstagram.com&_nc_cat=103&_nc_ohc=jKMTf2aUDYcAX9cvatG&tp=1&oh=bac2e8f4c09321197d359b2051807f0a&oe=600F2D5F&ig_cache_key=MjQyODQ3ODI3NDY3MDgxNTAxMg%3D%3D.2
2020-10-25 08:23,"Yesterday I met a Bentley, a vizsla who was bigger than I am, and I‚Äôm quite a big boy now (28kg) we had fun running around Hylands park. ",https://scontent-lhr8-1.cdninstagram.com/v/t51.2885-15/e35/122512483_378285103323934_4432573195385211546_n.jpg?_nc_ht=scontent-lhr8-1.cdninstagram.com&_nc_cat=110&_nc_ohc=42kluV3Xgz8AX98zZXB&tp=1&oh=3ac55aa17659b534389b874258aec83e&oe=600E6929&ig_cache_key=MjQyNzYxNDQxOTQ1OTU3MTU0OQ%3D%3D.2
2020-10-22 09:49,"Got my bounce back.
Meeting up with pals at the park.
#parklife #vizslasofinstagram",https://scontent-lhr8-1.cdninstagram.com/v/t51.2885-15/e35/121485468_273272997260830_4078998445862002112_n.jpg?_nc_ht=scontent-lhr8-1.cdninstagram.com&_nc_cat=110&_nc_ohc=9Z7ZJ6IClWEAX_5jYdC&tp=1&oh=d902cdf0f173a29947f3aa239397f28b&oe=600F34C3&ig_cache_key=MjQyNTQ4MzM5NjQ2Njg2NDYwMw%3D%3D.2
2020-10-13 07:27,"I‚Äôm not feeling myself at the moment, I had a tummy ache over the weekend and went to the vet twice, and Sunday night I had an emergency operation to remove a lump of corn on the cob from my intestines. My hooman says I can‚Äôt eat it any more, but if I find some I can run much faster than her. But I‚Äôm confined to the house at the moment until my stitches heal.
#vizslasofinstagram",https://scontent-lht6-1.cdninstagram.com/v/t51.2885-15/e35/121591618_672385770383079_8561126766480889430_n.jpg?_nc_ht=scontent-lht6-1.cdninstagram.com&_nc_cat=103&_nc_ohc=4fOs7NGKr7IAX8Yp5-V&tp=1&oh=1ed3c913f98985e4167a9aabc2b5930b&oe=600FA339&ig_cache_key=MjQxODg4ODk3MDI4NTk3MjM2NQ%3D%3D.2
2020-10-10 12:47,Chillin after my shower.,https://scontent-lht6-1.cdninstagram.com/v/t51.2885-15/e35/121059549_656075081969712_6083043973807638847_n.jpg?_nc_ht=scontent-lht6-1.cdninstagram.com&_nc_cat=100&_nc_ohc=A-7iQfagajgAX-6HyZC&tp=1&oh=e55e8af63b2cc81ff204947800aa6273&oe=600D52D4&ig_cache_key=MjQxNjg3NTU2NDk0NzQ1MjEzNw%3D%3D.2
2020-10-07 18:12,"My hooman is just silly, I was tired from being at day care and they think it‚Äôs funny to turn me into a mer-dog! ",https://scontent-lhr8-1.cdninstagram.com/v/t51.2885-15/e35/121061376_3497820403590379_1879035932202198553_n.jpg?_nc_ht=scontent-lhr8-1.cdninstagram.com&_nc_cat=107&_nc_ohc=-3nL65JZLn0AX8X9Afa&tp=1&oh=1ae9ee89be338d2659a4e8603e5b0007&oe=600FC3C7&ig_cache_key=MjQxNDg2NDg5NTkzOTA2NjQ4NQ%3D%3D.2
2020-10-06 11:08,"My lovely neighbour leaves me treats on my window sill every morning, so it‚Äôs the first thing I check on my way out for a walk.#vizslasofinstagram #howmuchisthatdoggyinthewindow #dogtreatsuk",https://scontent-lhr8-2.cdninstagram.com/v/t51.2885-15/e35/120838565_367291220982445_6331385963989550156_n.jpg?_nc_ht=scontent-lhr8-2.cdninstagram.com&_nc_cat=101&_nc_ohc=yLwWw_jkmkUAX9X9vX9&tp=1&oh=81018054e76265c10d5dd57b513f59f5&oe=600FAECE&ig_cache_key=MjQxMzkyNjU3Njg3NTAwNzE5OA%3D%3D.2
2020-10-03 18:59,"It stopped raining for an hour! So my hooman took me along the seawall to Osea road and back, I stole some retrievers ball while my hooman was talking. Apparently they‚Äôre filming some ‚Äòlive‚Äô tv show on Osea today.
#thethirdday #vizslasofinstagram",https://scontent-lhr8-1.cdninstagram.com/v/t50.2886-16/120445575_335658844170691_5691682767095421058_n.mp4?efg=eyJ2ZW5jb2RlX3RhZyI6InZ0c192b2RfdXJsZ2VuLjcyMC5mZWVkLmRlZmF1bHQiLCJxZV9ncm91cHMiOiJbXCJpZ193ZWJfZGVsaXZlcnlfdnRzX290ZlwiXSJ9&_nc_ht=scontent-lhr8-1.cdninstagram.com&_nc_cat=107&_nc_ohc=mtJbE6hf0E8AX98HCh8&vs=17873804149946864_4285504075&_nc_vs=HBksFQAYJEdJZmFMUWZES1N5cVJ6RUJBSUpZN3lKUzYteE9ia1lMQUFBRhUAAsgBABUAGCRHQVgtTWdkc1hodUJSaElNQUJoQ3VuM1RXQXBpYmtZTEFBQUYVAgLIAQAoABgAGwGIB3VzZV9vaWwBMBUAACbg8bn1qIjAPxUCKAJDMywXQBtU%2FfO2RaIYEmRhc2hfYmFzZWxpbmVfMV92MREAdeoHAA%3D%3D&oe=5FE71738&oh=6cb35cd34eee3ab25159276b02a3d180
2020-09-27 20:07,"Corn and pumpkins, Autumn is here.
#vizslasofinstagram #harvesttime",https://scontent-lhr8-2.cdninstagram.com/v/t51.2885-15/e35/120198932_2648021562194453_6844709976331030077_n.jpg?_nc_ht=scontent-lhr8-2.cdninstagram.com&_nc_cat=105&_nc_ohc=18DHcVxfmegAX9qBCtq&tp=1&oh=9901c65aa33639c2bf5ecd1ed233cea6&oe=600F74A5&ig_cache_key=MjQwNzY3NDkyNDc0NDUxODkwNw%3D%3D.2
2020-09-27 13:25,Yesterday I had a lovely run about with Peggy and jasper and another pal.#vizslasofinstagram,https://scontent-lhr8-2.cdninstagram.com/v/t51.2885-15/e35/120202167_1030922487345209_345063370699706256_n.jpg?_nc_ht=scontent-lhr8-2.cdninstagram.com&_nc_cat=105&_nc_ohc=Ouq56XXnMbQAX_UtJ-U&tp=1&oh=2d90f4a7ed281ab70b984a346d0991f5&oe=600CC361&ig_cache_key=MjQwNzQ3MjY3MjQwMjUzODM1NQ%3D%3D.2
2020-09-16 14:51,"Today my hooman took me out in this car, I was very well behaved.
#vizslasofinstagram #dogsincars #classiccars",https://scontent-lhr8-1.cdninstagram.com/v/t51.2885-15/e35/119480672_130075628813455_7393316989671067124_n.jpg?_nc_ht=scontent-lhr8-1.cdninstagram.com&_nc_cat=107&_nc_ohc=p6xZWHy352QAX_yTLJX&tp=1&oh=29b2f5d04a271edc2d82fbcfaf39f43e&oe=60106748&ig_cache_key=MjM5OTU0MzE5NjI1NTM3MzA4OQ%3D%3D.2
2020-09-11 19:41,"Today I played with max, he‚Äôs a puppy Eursier. If I lay down and pretend to be small he likes playing with me, I look a bit vulnerable in the next photoü§£, but he was well behaved and didn‚Äôt bite me. ",https://scontent-lht6-1.cdninstagram.com/v/t51.2885-15/e35/s1080x1080/119067914_800979477374610_3064495965849332604_n.jpg?_nc_ht=scontent-lht6-1.cdninstagram.com&_nc_cat=106&_nc_ohc=9CDeHh9pNPAAX96YiKE&tp=1&oh=79bacadc15d3ce4bf7cacb7029cfc5ac&oe=600F6ED0
2020-09-07 07:36,"I had a fun ride out in this beautiful series I Landrover on Sunday, I had a great view out the back.
#vizslasofinstagram #landroversofinstagram",https://scontent-lhr8-1.cdninstagram.com/v/t51.2885-15/e35/118944089_665662407491229_860051798200064784_n.jpg?_nc_ht=scontent-lhr8-1.cdninstagram.com&_nc_cat=109&_nc_ohc=BRBQrOun-s8AX_6wBEy&tp=1&oh=d32fc0703e22ad704f98817ab4f06854&oe=600EE259&ig_cache_key=MjM5MjgwMTI5NjcxODU0Mzg4NA%3D%3D.2
2020-09-04 20:04,,https://scontent-lht6-1.cdninstagram.com/v/t51.2885-15/e35/118695340_178634157062022_2239636245525556841_n.jpg?_nc_ht=scontent-lht6-1.cdninstagram.com&_nc_cat=106&_nc_ohc=l5J9lLYdw_4AX-MzcOE&tp=1&oh=0a426ab192c5109839ccebaacf4d7fa9&oe=600E598C&ig_cache_key=MjM5MTAwMzQ0NDE5NTQ4NzI3MQ%3D%3D.2
2020-09-04 19:50,It‚Äôs been a long week......,https://scontent-lhr8-2.cdninstagram.com/v/t51.2885-15/e35/118887576_729916571072965_6779432882052490861_n.jpg?_nc_ht=scontent-lhr8-2.cdninstagram.com&_nc_cat=101&_nc_ohc=WsedKSMGoKoAX9TqkGk&tp=1&oh=fecf9ae6d4583fe89a1fad6bbe2eb77b&oe=600CD309&ig_cache_key=MjM5MDk5NjgyMTY4MzA5MTEyMg%3D%3D.2
2020-08-31 18:43,"I‚Äôve had fun in the woods this weekend, this is a good vantage point for squirrel spotting.....
#vizslasofinstagram",https://scontent-lht6-1.cdninstagram.com/v/t51.2885-15/e35/118606117_117001769956650_8664314420470715714_n.jpg?_nc_ht=scontent-lht6-1.cdninstagram.com&_nc_cat=106&_nc_ohc=cCYgDwP0IRwAX8J6wIS&tp=1&oh=aba97eb369b254a75a060afb2a91be57&oe=600E3CA0&ig_cache_key=MjM4ODA2Mzk0MzQ3MTA3MTMwNg%3D%3D.2
2020-08-26 21:01,"I‚Äôm feeling a bit sorry for myself today, I was enjoying a lovely walk at high tide along the seawall, when a wasp stung my delicate parts. My hooman had to get it of. It was horrid, but I‚Äôm more comfortable now.#waspsting #vizslasofinstagram",https://scontent-lhr8-1.cdninstagram.com/v/t51.2885-15/e35/118556704_394628401506873_3555110833508702078_n.jpg?_nc_ht=scontent-lhr8-1.cdninstagram.com&_nc_cat=109&_nc_ohc=nzfosIMSI4wAX8b-ywK&tp=1&oh=f7432396d9ad770d70d1a7d21a4169e8&oe=600D0F0E&ig_cache_key=MjM4NDUwOTI1MDE5NTAwMTU2MA%3D%3D.2
2020-08-24 18:24,"Do I look like I know how that slipper got here......
#vizdlasofinstagram #butterwouldntmelt",https://scontent-lht6-1.cdninstagram.com/v/t51.2885-15/e35/118158102_751299519047100_2727872178782235209_n.jpg?_nc_ht=scontent-lht6-1.cdninstagram.com&_nc_cat=100&_nc_ohc=6JdRLShnPswAX9MEWAW&tp=1&oh=213094e6a02fcfd0d28697bedee9a4c7&oe=600CF355&ig_cache_key=MjM4Mjk4MDk4MzQ0OTM2NTUzNw%3D%3D.2
2020-08-23 16:54,"Sugar beet is yummy to eat, but my hooman say I mustn‚Äôt eat to much.  The farmer ran this bit over, so I‚Äôm sure he doesn‚Äôt mind me having it.
#vizslasofinstagram",https://scontent-lht6-1.cdninstagram.com/v/t51.2885-15/e35/118520010_224193405674658_2981112360737840846_n.jpg?_nc_ht=scontent-lht6-1.cdninstagram.com&_nc_cat=106&_nc_ohc=DwBY6-uynrsAX8XGw4b&tp=1&oh=1c08998a2fc7a27cced119df8bd14b7b&oe=600EC326
2020-08-13 09:30,"Jasper wanted to practice his circus skills this morning, swipe for video.
.#vizslasofinstagram #performingdogs",https://scontent-lhr8-2.cdninstagram.com/v/t51.2885-15/e35/s1080x1080/117295260_824695854601433_1482364367388181530_n.jpg?_nc_ht=scontent-lhr8-2.cdninstagram.com&_nc_cat=105&_nc_ohc=wGW3qKwFMDwAX8Xxa6h&tp=1&oh=cb99dd19ca3366850b579fa54db1601d&oe=600DD28A
2020-08-11 21:05,Sunset silhouette,https://scontent-lht6-1.cdninstagram.com/v/t51.2885-15/e35/117401774_163429775263160_8289651014312263933_n.jpg?_nc_ht=scontent-lht6-1.cdninstagram.com&_nc_cat=108&_nc_ohc=kPSTxbIUOzMAX-eOwLg&tp=1&oh=c4d49936ed60cdfbe604c67c5370d28e&oe=600F6F63&ig_cache_key=MjM3MzYzOTc2MzE3ODY1MzA4NQ%3D%3D.2
2020-08-04 12:09,"Practicing for my next duathlon.üòÅ
#swimmingdog #duathlon #dogsports #vizslasofinstagram",https://scontent-lhr8-1.cdninstagram.com/v/t50.2886-16/117174909_3097721503611141_6934800831563905352_n.mp4?efg=eyJ2ZW5jb2RlX3RhZyI6InZ0c192b2RfdXJsZ2VuLjcyMC5mZWVkLmRlZmF1bHQiLCJxZV9ncm91cHMiOiJbXCJpZ193ZWJfZGVsaXZlcnlfdnRzX290ZlwiXSJ9&_nc_ht=scontent-lhr8-1.cdninstagram.com&_nc_cat=109&_nc_ohc=Io1fFIuSJNYAX9pHDdm&vs=17874502519829987_1496967421&_nc_vs=HBksFQAYJEdIM3lfd1lGX2RWOVhBRUxBRWc1Y3ptZFhEMWdia1lMQUFBRhUAAsgBABUAGCRHR25HX1FiYXYtU3NKWG9DQUNkYTVfVGtEekJ0YmtZTEFBQUYVAgLIAQAoABgAGwGIB3VzZV9vaWwBMBUAACbG6vKR%2FbDAPxUCKAJDMywXQDoZmZmZmZoYEmRhc2hfYmFzZWxpbmVfMV92MREAdeoHAA%3D%3D&oe=5FE7204A&oh=537e13e1cb6589d931fcc051d8ccf79b
2020-08-04 06:52,"Have a chase game with Mia.
#vizslasofinstagram",https://scontent-lhr8-2.cdninstagram.com/v/t50.2886-16/116785838_321276815675705_9005051939729336495_n.mp4?efg=eyJ2ZW5jb2RlX3RhZyI6InZ0c192b2RfdXJsZ2VuLjcyMC5mZWVkLmRlZmF1bHQiLCJxZV9ncm91cHMiOiJbXCJpZ193ZWJfZGVsaXZlcnlfdnRzX290ZlwiXSJ9&_nc_ht=scontent-lhr8-2.cdninstagram.com&_nc_cat=105&_nc_ohc=s5feDholbxUAX92VNyi&vs=17861124923054086_2898442449&_nc_vs=HBksFQAYJEdLNEM5Z1k1RVhrV015UUJBSzlvZ2tNSFgtaDhia1lMQUFBRhUAAsgBABUAGCRHT0hTOXdiaFlQenp2aDBDQVB4aGkyWjB3TDhTYmtZTEFBQUYVAgLIAQAoABgAGwGIB3VzZV9vaWwBMBUAACaMhaOrpaa6PxUCKAJDMywXQDZEGJN0vGoYEmRhc2hfYmFzZWxpbmVfMV92MREAdeoHAA%3D%3D&oe=5FE71081&oh=5a5ce7825a514b981fddac31a6ba1453
2020-08-03 07:20,"After my swim I like a good shake.
#vizslasofinstagram #swimmingdogsofinstagram #blackwaterestuary",https://scontent-lhr8-1.cdninstagram.com/v/t50.2886-16/116907294_396352338008303_2935349634093420933_n.mp4?efg=eyJ2ZW5jb2RlX3RhZyI6InZ0c192b2RfdXJsZ2VuLjcyMC5mZWVkLmRlZmF1bHQiLCJxZV9ncm91cHMiOiJbXCJpZ193ZWJfZGVsaXZlcnlfdnRzX290ZlwiXSJ9&_nc_ht=scontent-lhr8-1.cdninstagram.com&_nc_cat=111&_nc_ohc=vKbtSgBcDB8AX_xwScv&vs=17947818418366146_3662046636&_nc_vs=HBksFQAYJEdCN2Q5d2J2R0ZENGVtZ0JBSVVSdHFmd2RMd29ia1lMQUFBRhUAAsgBABUAGCRHTlFVLUFadHdBV3FCQXdCQUN5aWh1UWdCNnBwYmtZTEFBQUYVAgLIAQAoABgAGwGIB3VzZV9vaWwBMBUAACaE8tK1w9zhPxUCKAJDMywXQCozMzMzMzMYEmRhc2hfYmFzZWxpbmVfMV92MREAdeoHAA%3D%3D&oe=5FE73E18&oh=8395ffb765f572620bf6b55e53f87d4b
2020-08-02 08:06,"I like swimming with my Hooman.
#swimmingdog #vizslasofinstagram #blackwaterestuary",https://scontent-lhr8-1.cdninstagram.com/v/t50.2886-16/117176303_341424647016707_5895646987163877634_n.mp4?efg=eyJ2ZW5jb2RlX3RhZyI6InZ0c192b2RfdXJsZ2VuLjcyMC5mZWVkLmRlZmF1bHQiLCJxZV9ncm91cHMiOiJbXCJpZ193ZWJfZGVsaXZlcnlfdnRzX290ZlwiXSJ9&_nc_ht=scontent-lhr8-1.cdninstagram.com&_nc_cat=111&_nc_ohc=K5L5VKeAfpcAX8TK1MF&vs=17929067494394039_1418223688&_nc_vs=HBksFQAYJEdPLTNfd1lEa2MwZWhqWUJBQUpCQWNleWk5RlJia1lMQUFBRhUAAsgBABUAGCRHSDE0OXdabnJtdV9MSndDQUo5TUlnOVhKRllsYmtZTEFBQUYVAgLIAQAoABgAGwGIB3VzZV9vaWwBMBUAACbu5JDoiZnZPxUCKAJDMywXQDWiDEm6XjUYEmRhc2hfYmFzZWxpbmVfMV92MREAdeoHAA%3D%3D&oe=5FE7116A&oh=e3de42e81a83f7ee37c03fe61b37abb0
2020-07-27 13:59,"I like to stop for a chat with Ali if he‚Äôs in his garden.
#doberman #vizslasofinstagram #chattingoverthefence",https://scontent-lhr8-1.cdninstagram.com/v/t51.2885-15/e35/116167791_3090547424374546_6169332004496584260_n.jpg?_nc_ht=scontent-lhr8-1.cdninstagram.com&_nc_cat=110&_nc_ohc=Gq9TZGtxXRoAX9CKE_s&tp=1&oh=83de143659fe15b4c6c264afdbb6c582&oe=600D4DE0&ig_cache_key=MjM2MjU1MzQ1NjUzMjgyNzMwNQ%3D%3D.2
2020-07-26 14:40,"Had such fun at my first vizz  wizz.
#essexvizsla #vizslaofinstagram",https://scontent-lht6-1.cdninstagram.com/v/t51.2885-15/e35/115926284_757953938311764_4953951887091883164_n.jpg?_nc_ht=scontent-lht6-1.cdninstagram.com&_nc_cat=100&_nc_ohc=HJeG-SAw3rEAX_Kx1nQ&tp=1&oh=a1a152c9e86349294cb97bba2a602dea&oe=600EC1CD&ig_cache_key=MjM2MTg0OTgwMjU4NjcxMTQzOQ%3D%3D.2
2020-07-22 12:38,"Met a new pal, Bertie, had a good run around and zoomies in the corn (shhh don‚Äôt tell the farmer)#weimaranersofinstagram #vizslasofinstagram",https://scontent-lht6-1.cdninstagram.com/v/t51.2885-15/e35/110970486_1149993078697308_4109594245240405204_n.jpg?_nc_ht=scontent-lht6-1.cdninstagram.com&_nc_cat=100&_nc_ohc=D8vLCLk0u5wAX-fuoyA&tp=1&oh=df7bf9be71ba12a84055c001cd80cd75&oe=600FD514&ig_cache_key=MjM1ODg4OTMwMDE2ODM4Nzg2OQ%3D%3D.2
2020-07-21 16:49,"Today I had fun on the beach with Hector, I took his stick so he would chase me.
#gspofinstagram #vizslasofinstagram #beachlife",https://scontent-lht6-1.cdninstagram.com/v/t51.2885-15/e35/109924528_273295787306742_6260591299986320450_n.jpg?_nc_ht=scontent-lht6-1.cdninstagram.com&_nc_cat=106&_nc_ohc=te4537EAt1gAX9jfZ6y&tp=1&oh=064433f53dde687b8a0283bdf3c544d7&oe=600E22C8&ig_cache_key=MjM1ODI5MDc3MDYxMzYwODIyOA%3D%3D.2
2020-07-16 07:49,"I‚Äôm happy to share my ball with Hector.
#gspofinstagram #vizslasofinstagram #vizslapuppy #ruffwear",https://scontent-lhr8-1.cdninstagram.com/v/t51.2885-15/e35/109363906_143451710716689_4176825432233354782_n.jpg?_nc_ht=scontent-lhr8-1.cdninstagram.com&_nc_cat=109&_nc_ohc=L2RRaC3ZNK4AX_k6PKf&tp=1&oh=3a09a3129e061b96a70dd21d19ca6dbf&oe=600F4A89&ig_cache_key=MjM1NDM5NDc0NTc5MjQ4MDE0Nw%3D%3D.2
2020-07-09 14:07,"I‚Äôve been getting to know these welsh ponies, and today one tried to nibble my ear!",https://scontent-lhr8-2.cdninstagram.com/v/t51.2885-15/e35/107439820_282399249508334_7599526704340511567_n.jpg?_nc_ht=scontent-lhr8-2.cdninstagram.com&_nc_cat=102&_nc_ohc=9K-J8QZILMsAX8d0fZv&tp=1&oh=e07561d3c1652eacc0e6d56143d77888&oe=600CA40A&ig_cache_key=MjM0OTUxMTY2NDIxMjI0MTQwMw%3D%3D.2
2020-07-06 19:09,"I‚Äôm 11 months old today, and celebrated by jumping on this hay bale.
#tigger #vislasofinstagram #vizslapuppy #ruffwear",https://scontent-lhr8-1.cdninstagram.com/v/t51.2885-15/e35/81996659_381088526200930_4099930309656135304_n.jpg?_nc_ht=scontent-lhr8-1.cdninstagram.com&_nc_cat=110&_nc_ohc=ZlXNVSCsAm4AX8kRqDT&tp=1&oh=21e260946e39cbf59e0276bd38660c34&oe=600E3330&ig_cache_key=MjM0NzQ4OTYwOTI5NTk0NTA1MQ%3D%3D.2
2020-07-05 18:28,Power nap with my chipmunk....,https://scontent-lhr8-2.cdninstagram.com/v/t51.2885-15/e35/106544939_1652636041572073_8228447773718180711_n.jpg?_nc_ht=scontent-lhr8-2.cdninstagram.com&_nc_cat=101&_nc_ohc=JAz32MONHtIAX__CHHv&tp=1&oh=a9fff8d0983b3a4274f834451d4b64aa&oe=60102E25&ig_cache_key=MjM0Njc0Mzg2NzUyMjQyNDg3MA%3D%3D.2
2020-07-01 06:47,"It‚Äôs important to hydrate when you‚Äôre out running.
#everydaytraining",https://scontent-lhr8-1.cdninstagram.com/v/t51.2885-15/e35/106109107_205540380684994_5902442540802004139_n.jpg?_nc_ht=scontent-lhr8-1.cdninstagram.com&_nc_cat=110&_nc_ohc=bCi9sBGIrz8AX9GMwag&tp=1&oh=3014f1e255b1ffec3b6105f01dfd2371&oe=601023DB&ig_cache_key=MjM0MzQ5MTg3NzU4NTU2MDM1NQ%3D%3D.2
2020-06-28 08:19,When one stick isn‚Äôt enough!,https://scontent-lhr8-2.cdninstagram.com/v/t51.2885-15/e35/105568318_292513072159120_5698665088440962994_n.jpg?_nc_ht=scontent-lhr8-2.cdninstagram.com&_nc_cat=104&_nc_ohc=3Jo9HcUk_VgAX9k_JnP&tp=1&oh=639a0bfc18ef75d5783c00119d24d914&oe=600D1567&ig_cache_key=MjM0MTM2Mzk4NTUzMTU1NDc3OA%3D%3D.2
2020-06-25 21:01,"What‚Äôs better than fishing on a hot day.
#hotdog #muddywetdog #blackwaternavigation",https://scontent-lhr8-1.cdninstagram.com/v/t51.2885-15/e35/104690886_259996011928953_5271208539738799880_n.jpg?_nc_ht=scontent-lhr8-1.cdninstagram.com&_nc_cat=109&_nc_ohc=nx1k5uw5xEsAX9Yi57M&tp=1&oh=3da7d5016936dcadd9360baef18bddab&oe=600D1A59&ig_cache_key=MjMzOTU3MzQzMzg5OTMxMjE0OA%3D%3D.2
2020-06-19 19:52,"The joy of rolling in the grass.
#dogslife!",https://scontent-lht6-1.cdninstagram.com/v/t51.2885-15/e35/104155659_710418482858619_7509474302766071598_n.jpg?_nc_ht=scontent-lht6-1.cdninstagram.com&_nc_cat=103&_nc_ohc=cnHgwxaPb1QAX8lR7hV&tp=1&oh=e43b991e5b3e2fde304e3b9fc3f17116&oe=600E2264&ig_cache_key=MjMzNTE4OTczODQwODkwMzk5NA%3D%3D.2
2020-06-18 12:18,"Tilly is one of my best friends and always ready for a chase game, she is a pocket rocket and is really fast, we have lots of fun when we meet.",https://scontent-lhr8-2.cdninstagram.com/v/t51.2885-15/e35/104167043_293461291779965_8431755191592384359_n.jpg?_nc_ht=scontent-lhr8-2.cdninstagram.com&_nc_cat=105&_nc_ohc=WfruTQSr4-cAX8YW4Tm&tp=1&oh=c62304f6564e0c0cee86b4431f09b521&oe=600FC65D&ig_cache_key=MjMzNDIzNjY1NTk4MTk2NDIyNg%3D%3D.2
2020-06-17 10:50,"Baywatch ......
Mum might need my help",https://scontent-lht6-1.cdninstagram.com/v/t51.2885-15/e35/104322898_101173038285327_494058315057680613_n.jpg?_nc_ht=scontent-lht6-1.cdninstagram.com&_nc_cat=103&_nc_ohc=vS9NruiUn0UAX9haE3V&tp=1&oh=46fc12307a9a3017cfb085e4beffc015&oe=600D371F&ig_cache_key=MjMzMzQ2NzM4NDIwNTIxMDI2MQ%3D%3D.2
2020-06-10 10:39,I think my new friend Jasper likes my harness.,https://scontent-lhr8-1.cdninstagram.com/v/t51.2885-15/e35/102890404_729227871146626_5204660925609004884_n.jpg?_nc_ht=scontent-lhr8-1.cdninstagram.com&_nc_cat=110&_nc_ohc=_Xmm9u7Cn1YAX9k82Xa&tp=1&oh=ee5f5414cd3a57728ac0952c738488a5&oe=601033C2&ig_cache_key=MjMyODM4ODgxMzY1NjgwMzQwOA%3D%3D.2
2020-06-02 11:30,Sometimes it‚Äôs nice to think about the things and people that make us happiest,https://scontent-lhr8-2.cdninstagram.com/v/t51.2885-15/e35/101517055_1139899603047413_3173913311462728028_n.jpg?_nc_ht=scontent-lhr8-2.cdninstagram.com&_nc_cat=105&_nc_ohc=ZO-zm5bByW8AX_LF_BF&tp=1&oh=b70929602aeab1b69ccad035ab15ef30&oe=600D6EA6&ig_cache_key=MjMyMjYxNjI0OTg4NjAyMzgxOA%3D%3D.2
2020-05-18 16:09,Enjoying the sun whilst it lasts #vizsla #vizslasofinstagram #vizslalove #vizslagram #vizslalife #vizsladaily #doglife #doglover #dogstagram #doglovers #petsofinstagram #petstagram #muddydog #essexcoast #essexcoastline #mondayfeeling #ruffwear @ruffwear #tideout #tideoutwalk,https://scontent-lhr8-1.cdninstagram.com/v/t51.2885-15/e35/97351994_244341953491161_2602707526266720422_n.jpg?_nc_ht=scontent-lhr8-1.cdninstagram.com&_nc_cat=109&_nc_ohc=pf6fq37WWEcAX8bKXZ7&tp=1&oh=5344cc3b47cce7f9667162bae8483f92&oe=601072CD&ig_cache_key=MjMxMTg4NDkyNDY2MTE3MjIzNw%3D%3D.2
2020-05-15 11:47,Mud + sun = #viszla perfection  @ruffwear  #fridayfun #dogfun #vizslapuppy #vizslagram #vizslalove #vizslalife #doglife #dogsofinstagram #petsofinstagram #dogphotography #animalphotography #pictureperfect #ruffwear #blackwaterestuary #essexsaltmarsh #saltmarsh #beachlife,https://scontent-lhr8-2.cdninstagram.com/v/t51.2885-15/e35/97145503_715741222563398_2387458305565154139_n.jpg?_nc_ht=scontent-lhr8-2.cdninstagram.com&_nc_cat=102&_nc_ohc=q1lVwNYG8XcAX8rZWNV&tp=1&oh=d3fa80f7df09a191b5202b3ec56ae10f&oe=600F4FAD&ig_cache_key=MjMwOTU3ODY4MDY1MDY5NTQzNw%3D%3D.2
2020-05-13 21:58,"Oooops! I just love some smelly mud, sorry for getting my harness muddy mum! #riverblackwater #vizsla #ruffwear @ruffwear #activedog #essexdogs #vizslasofinstagram #vizslalove #vizslalife #doglover #doglife #muddydog #petsofinstagram #pet #beachlife #saltmarsh #essexsaltmarsh #essexcoast",https://scontent-lht6-1.cdninstagram.com/v/t51.2885-15/e35/96687437_684440925669780_455679946389719376_n.jpg?_nc_ht=scontent-lht6-1.cdninstagram.com&_nc_cat=100&_nc_ohc=Xdcpx68SlgsAX8S_ivj&tp=1&oh=0cde9ae0901919c7c133c2eb48945808&oe=600E3F0F&ig_cache_key=MjMwODQzNjcwMDcyMTkzOTQ1Nw%3D%3D.2
2020-05-11 20:59,Picked some flowers for mum today in the canal,https://scontent-lhr8-2.cdninstagram.com/v/t51.2885-15/e35/97185506_231848594898713_2894465761571621052_n.jpg?_nc_ht=scontent-lhr8-2.cdninstagram.com&_nc_cat=105&_nc_ohc=U26Uo-dq4JUAX9Ws8GW&tp=1&oh=2d8684fb4fe64fae500a0ad147092d85&oe=600DF75A&ig_cache_key=MjMwNjk1NzQ3Mjc2MzY4MDI4NQ%3D%3D.2
2020-05-08 14:21,When everyone‚Äôs outside and it‚Äôs time for some shut eye,https://scontent-lht6-1.cdninstagram.com/v/t51.2885-15/e35/96276506_254143629301512_5355509850801053773_n.jpg?_nc_ht=scontent-lht6-1.cdninstagram.com&_nc_cat=100&_nc_ohc=l7ISoGRMH2UAX_Ber1n&tp=1&oh=614d60e7737f79e0d48193c764cd1774&oe=600EE6DE&ig_cache_key=MjMwNDU4MjU2NTg5MTIzOTA4Mw%3D%3D.2
2020-05-06 20:06,Eyes on the prize,https://scontent-lhr8-1.cdninstagram.com/v/t51.2885-15/e35/95567123_922962398132567_8771333882816176911_n.jpg?_nc_ht=scontent-lhr8-1.cdninstagram.com&_nc_cat=111&_nc_ohc=WX0_VBcy3nEAX8m0Xr8&tp=1&oh=ad803e56eaacd4cb7f09706d8fa1a9a7&oe=600EB187&ig_cache_key=MjMwMzMwNjU5ODcxOTc0MTE5NQ%3D%3D.2
2020-04-26 16:48,When you take a minute to take in the view ,https://scontent-lhr8-1.cdninstagram.com/v/t51.2885-15/e35/94688616_263258961496485_2897290237816468605_n.jpg?_nc_ht=scontent-lhr8-1.cdninstagram.com&_nc_cat=109&_nc_ohc=cOxhhgW7xLEAX-4VaSv&tp=1&oh=95c1c13e5a57a13b4e7463292e2430aa&oe=600F51B2&ig_cache_key=MjI5NTk1OTYwMzYzODM0NjU2Ng%3D%3D.2
2020-04-24 16:25,Got that Friday feeling,https://scontent-lhr8-1.cdninstagram.com/v/t51.2885-15/e35/94580716_225039812083295_2872169169331302195_n.jpg?_nc_ht=scontent-lhr8-1.cdninstagram.com&_nc_cat=111&_nc_ohc=PWs65buO_PUAX8oI0BO&tp=1&oh=c4446ca72dd0b9aeeecd33a67ebe9c92&oe=6010271A&ig_cache_key=MjI5NDQ5ODI0OTAxMDE2NTc0Mw%3D%3D.2
2020-04-13 19:05,"Don‚Äôt mind me, just retrieving my ball. I like to throw it down slopes so that I have to go and get it!",https://scontent-lht6-1.cdninstagram.com/v/t50.2886-16/93436589_694685984639634_2373105146892254101_n.mp4?efg=eyJ2ZW5jb2RlX3RhZyI6InZ0c192b2RfdXJsZ2VuLjcyMC5mZWVkLmRlZmF1bHQiLCJxZV9ncm91cHMiOiJbXCJpZ193ZWJfZGVsaXZlcnlfdnRzX290ZlwiXSJ9&_nc_ht=scontent-lht6-1.cdninstagram.com&_nc_cat=106&_nc_ohc=dMOrmbX5-DkAX--xZfR&vs=17842365401116327_1243032718&_nc_vs=HBkcFQAYJEdLMjZrUVdTU2xndjBIY0NBSlg3S2NfTzl1NGdia1lMQUFBRhUAAsgBACgAGAAbAYgHdXNlX29pbAEwFQAAJs7att%2Bs4rE%2FFQIoAkMzLBdAId2yLQ5WBBgSZGFzaF9iYXNlbGluZV8xX3YxEQB16gcA&oe=5FE7617D&oh=a2314a9f2d70beb571627e4cb09e3d31
2020-04-05 11:01,When you‚Äôre ready to,https://scontent-lht6-1.cdninstagram.com/v/t51.2885-15/e35/91734958_511903276161411_6756584567808144562_n.jpg?_nc_ht=scontent-lht6-1.cdninstagram.com&_nc_cat=103&_nc_ohc=mN3G6sHg1aUAX8cca4O&tp=1&oh=dc265822a95155f28c1f5fe8f2f28f62&oe=600E0409&ig_cache_key=MjI4MDU2NDY2NTEyMzYyMzY2Mg%3D%3D.2
2020-04-04 15:29,When you decide it‚Äôs time for a rest,https://scontent-lht6-1.cdninstagram.com/v/t51.2885-15/e35/91945960_145325187008784_2443815706598528579_n.jpg?_nc_ht=scontent-lht6-1.cdninstagram.com&_nc_cat=100&_nc_ohc=Lk3QIMGPG6QAX92BUIr&tp=1&oh=be138e7038cdcab2825383b4d582b1dd&oe=600E8D28&ig_cache_key=MjI3OTk3NDQwMjI0MDEwMzA1Nw%3D%3D.2
2020-04-04 15:27,Making the most of my one hour outside! (Why do my human parents keep stopping? ü§î),https://scontent-lhr8-1.cdninstagram.com/v/t51.2885-15/e35/92395121_2379005598868222_2732885215273925417_n.jpg?_nc_ht=scontent-lhr8-1.cdninstagram.com&_nc_cat=110&_nc_ohc=ygfUR3JyeXUAX9WrXV4&tp=1&oh=6e4e4bea78ef8f9a60e2b0dd24f50a8d&oe=600FAD68&ig_cache_key=MjI3OTk3MzMzNjgzNjUzNDg2OQ%3D%3D.2
2020-04-02 11:55,Where did that mouse go?,https://scontent-lht6-1.cdninstagram.com/v/t50.2886-16/92288307_3010139475732260_950441342863869347_n.mp4?efg=eyJ2ZW5jb2RlX3RhZyI6InZ0c192b2RfdXJsZ2VuLjQ4MC5mZWVkLmRlZmF1bHQiLCJxZV9ncm91cHMiOiJbXCJpZ193ZWJfZGVsaXZlcnlfdnRzX290ZlwiXSJ9&_nc_ht=scontent-lht6-1.cdninstagram.com&_nc_cat=108&_nc_ohc=NM6NR98vYugAX-vtZqv&vs=18100221871140601_1568939624&_nc_vs=HBkcFQAYJEdETTFnQVVrNXl5MnRMRUtBS01GUDUxZHBUQU5ia1lMQUFBRhUAAsgBACgAGAAbAYgHdXNlX29pbAEwFQAAJvL3ts3Jg6dAFQIoAkMzLBdAMQAAAAAAABgSZGFzaF9iYXNlbGluZV8xX3YxEQB16gcA&oe=5FE75D39&oh=f54a723a097c420b38adee6b57abd6cb
2020-03-26 05:14,A lockdown doesn‚Äôt stop me playing with a good stick!,https://scontent-lhr8-1.cdninstagram.com/v/t51.2885-15/e35/91032185_259946245014299_8153983322793481517_n.jpg?_nc_ht=scontent-lhr8-1.cdninstagram.com&_nc_cat=111&_nc_ohc=0ITfbllDSAAAX8ry0PM&tp=1&oh=a83e052a313ed6a2e558465760191e86&oe=60106F23&ig_cache_key=MjI3MzE0MjIyNDAyNTg4NjY3MA%3D%3D.2
2020-03-22 14:33,"Enjoy some sunshine, keeping spirits up!",https://scontent-lht6-1.cdninstagram.com/v/t51.2885-15/e35/90312419_145768983426795_7083078804035721035_n.jpg?_nc_ht=scontent-lht6-1.cdninstagram.com&_nc_cat=103&_nc_ohc=cpHqX-JBXBAAX--t1fY&tp=1&oh=0e7bc2ff224f62b5d855acbbe9644c0c&oe=600E7A76&ig_cache_key=MjI3MDUyNDEwNzE2NDc0NDUyOQ%3D%3D.2
2020-03-21 23:54,Enjoying the sea breeze,https://scontent-lhr8-1.cdninstagram.com/v/t51.2885-15/e35/90214162_637728107064599_6152881559765352756_n.jpg?_nc_ht=scontent-lhr8-1.cdninstagram.com&_nc_cat=111&_nc_ohc=burCwASsWYIAX_n0R0u&tp=1&oh=ad638144f7bc0d760a37dc0f18861fed&oe=600CF13E&ig_cache_key=MjI3MDA4MTY0MjQ4NTg3OTA0Ng%3D%3D.2
2020-03-19 10:45,Sick of #isolation ? Here‚Äôs a #throwback to when I met a #leonburger @maldonpromenade #playfighting #vizsla #vizslasofinstagram #throwbackthursday #leonburgersofinstagram #dogsplaying #coronawhat #vizslalove #vizslaoftheday #vizslaofinstagram #dogvideos #dogvideosofinstagram  #rollover,https://scontent-lht6-1.cdninstagram.com/v/t50.2886-16/90147464_208674523718060_3961270594825938042_n.mp4?efg=eyJ2ZW5jb2RlX3RhZyI6InZ0c192b2RfdXJsZ2VuLjcyMC5mZWVkLmRlZmF1bHQiLCJxZV9ncm91cHMiOiJbXCJpZ193ZWJfZGVsaXZlcnlfdnRzX290ZlwiXSJ9&_nc_ht=scontent-lht6-1.cdninstagram.com&_nc_cat=108&_nc_ohc=yyc9bCiswGMAX8WAUPV&vs=17854951990869535_510712024&_nc_vs=HBksFQAYJEdJaUtYd1dzSWR6U3liMEFBSHJrekVlZVF2azJia1lMQUFBRhUAAsgBABUAGCRHTklLWXdXbmJvcG9lUXdEQUF1c09QdXUyTGxfYmtZTEFBQUYVAgLIAQAoABgAGwGIB3VzZV9vaWwBMBUAACa%2B3JG1%2Fr63PxUCKAJDMywXQDHdsi0OVgQYEmRhc2hfYmFzZWxpbmVfMV92MREAdeoHAA%3D%3D&oe=5FE79BE8&oh=386ff17068ddfd7083fb67104ae632bd
2020-03-18 18:29,When isolation gets you down but you‚Äôve got your piggy and hoomans for company,https://scontent-lhr8-1.cdninstagram.com/v/t51.2885-15/e35/90344481_2369603649997714_3247169580538197204_n.jpg?_nc_ht=scontent-lhr8-1.cdninstagram.com&_nc_cat=110&_nc_ohc=tX5DPdIbJLsAX8nygKC&tp=1&oh=e31e4e9c8d1231314af277c5febe10de&oe=600E5A87&ig_cache_key=MjI2Nzc0Mzg2MDU4OTM0NDE1Nw%3D%3D.2
2020-03-15 22:00,Nice walk this afternoon in Little Baddow. May have tried to chase a deer üëÄ May have gotten a small telling off üò≥,https://scontent-lhr8-1.cdninstagram.com/v/t51.2885-15/e35/89921483_2689160464741223_5349250430289300633_n.jpg?_nc_ht=scontent-lhr8-1.cdninstagram.com&_nc_cat=111&_nc_ohc=LZv4w90_YeQAX_c4yA-&tp=1&oh=c786fd175ad7400ec49acc7df852ade7&oe=600EDFC3&ig_cache_key=MjI2NTY3NTgzMjY5NTU3Njk4Nw%3D%3D.2
2020-03-12 17:52,Quick walk along the sea wall in Essex,https://scontent-lht6-1.cdninstagram.com/v/t50.2886-16/89436344_815597562253412_5181170989216661495_n.mp4?efg=eyJ2ZW5jb2RlX3RhZyI6InZ0c192b2RfdXJsZ2VuLjcyMC5mZWVkLmRlZmF1bHQiLCJxZV9ncm91cHMiOiJbXCJpZ193ZWJfZGVsaXZlcnlfdnRzX290ZlwiXSJ9&_nc_ht=scontent-lht6-1.cdninstagram.com&_nc_cat=108&_nc_ohc=FvM5iJ5KCk8AX-Bif33&vs=18090657610153443_1213649649&_nc_vs=HBksFQAYJEdMaXdWQVZrVVBvYXlPVUNBUGQtMFV5UU5fZEhia1lMQUFBRhUAAsgBABUAGCRHSnlCVXdXMEt1dE03TFlEQUlid3JoakRIc1ZQYmtZTEFBQUYVAgLIAQAoABgAGwGIB3VzZV9vaWwBMBUAACbGlbeB7daiQBUCKAJDMywXQEId0vGp%2B%2BcYEmRhc2hfYmFzZWxpbmVfMV92MREAdeoHAA%3D%3D&oe=5FE71A3D&oh=44aba27a2e6261b6f3f1462bcac97b14
2020-03-11 20:02,Soaking up the mid week sun,https://scontent-lhr8-1.cdninstagram.com/v/t51.2885-15/e35/89669357_741325733065231_3677464958453645184_n.jpg?_nc_ht=scontent-lhr8-1.cdninstagram.com&_nc_cat=107&_nc_ohc=X0w8WvGqMlQAX-k5a9E&tp=1&oh=866e9c40c2ab2f156fa438bfa05787d8&oe=600CDA4D&ig_cache_key=MjI2MjcxNzE5MDQ4NDUzODQwOQ%3D%3D.2
2020-03-09 10:17,Playing with Tessa my #pointerdog friend and a #puppy #labrador #bestfriends #dogfriends #vizsla #vizslasofinstagram #vizslalove #pointerdogs #labradorpuppy #doglife #dogsplaying #dogsofinstagram #dogphotography,https://scontent-lhr8-2.cdninstagram.com/v/t51.2885-15/e35/89444945_1544195129077322_3694361848781606455_n.jpg?_nc_ht=scontent-lhr8-2.cdninstagram.com&_nc_cat=102&_nc_ohc=VCJ68nbhkeYAX9upAaM&tp=1&oh=fd43456d1cef79811719f3efedd9e8d0&oe=600E3C22&ig_cache_key=MjI2MDk3MzQ2NjQxOTMzMTU4NQ%3D%3D.2
2020-03-08 19:14,When you reach 300 followers and feel like the pot at the end of the rainbow,https://scontent-lhr8-1.cdninstagram.com/v/t51.2885-15/e35/89702423_776626752860974_8874050356383058552_n.jpg?_nc_ht=scontent-lhr8-1.cdninstagram.com&_nc_cat=110&_nc_ohc=mXEMvQWMdMQAX8KnP4X&tp=1&oh=10cace5291519b385ce1fb3639c25c01&oe=600F094B&ig_cache_key=MjI2MDUxODkyODE2ODEzODY3Nw%3D%3D.2
2020-03-08 10:25,When you find someone else‚Äôs ball and wonder if you should feel guilty...,https://scontent-lhr8-2.cdninstagram.com/v/t51.2885-15/e35/89065544_249035076114784_916270905999990723_n.jpg?_nc_ht=scontent-lhr8-2.cdninstagram.com&_nc_cat=104&_nc_ohc=TEfbiEvtOSMAX8PFeZ3&tp=1&oh=1748439952dd4ccff8843b4e0e2cb10d&oe=600F31EE&ig_cache_key=MjI2MDI1MjQxMTIzNjk4NzIyMg%3D%3D.2
2020-03-06 07:45,When your friend tries to trick you but they aren‚Äôt quick enough!,https://scontent-lhr8-1.cdninstagram.com/v/t50.2886-16/89299346_766622753746295_5907496787251596580_n.mp4?efg=eyJ2ZW5jb2RlX3RhZyI6InZ0c192b2RfdXJsZ2VuLjcyMC5mZWVkLmRlZmF1bHQiLCJxZV9ncm91cHMiOiJbXCJpZ193ZWJfZGVsaXZlcnlfdnRzX290ZlwiXSJ9&_nc_ht=scontent-lhr8-1.cdninstagram.com&_nc_cat=111&_nc_ohc=0tI6NZExdQEAX8Cl3FJ&vs=17845621138996575_1221887435&_nc_vs=HBkcFQAYJEdKS1pVZ1YzN2VsRVBia0NBQ1NONUZzSHBmdFJia1lMQUFBRhUAAsgBACgAGAAbAYgHdXNlX29pbAEwFQAAJr6d2LXun7M%2FFQIoAkMzLBdAE5mZmZmZmhgSZGFzaF9iYXNlbGluZV8xX3YxEQB16gcA&oe=5FE73855&oh=680fdcb1935b0a39f88c7a437fb2cb3f
2020-03-04 18:00,Just enjoying the view at Heybridge Basin,https://scontent-lht6-1.cdninstagram.com/v/t51.2885-15/e35/89359244_346128833011575_4725927541854596109_n.jpg?_nc_ht=scontent-lht6-1.cdninstagram.com&_nc_cat=103&_nc_ohc=4uWCNx4r6r0AX_OSjkW&tp=1&oh=49ea431dd36259ad41b93b8434922265&oe=6010923A&ig_cache_key=MjI1NzU4MjUyMDQ3NDQzNDc4NA%3D%3D.2
2020-03-02 17:44,When you get to hang out with your best friends,https://scontent-lhr8-2.cdninstagram.com/v/t51.2885-15/e35/87820470_520079168648593_6618061577547850528_n.jpg?_nc_ht=scontent-lhr8-2.cdninstagram.com&_nc_cat=101&_nc_ohc=5Matcoe_EiEAX9Tiq1I&tp=1&oh=7f57e3710c968052353682d5fc814a2d&oe=601025DB&ig_cache_key=MjI1NjEyNTExNjI2ODIwMDI2NA%3D%3D.2
2020-03-02 17:40,Enjoying the blue sky at,https://scontent-lhr8-2.cdninstagram.com/v/t51.2885-15/e35/87817748_141267737129497_3376057948005751335_n.jpg?_nc_ht=scontent-lhr8-2.cdninstagram.com&_nc_cat=101&_nc_ohc=jIeR2q4fxi4AX_skn5d&tp=1&oh=2fefe13df8a1edfc68e46751a450eea1&oe=600EE050&ig_cache_key=MjI1NjEyMzAwMDg1NDIyNDU4NQ%3D%3D.2
2020-03-02 17:31,When you‚Äôre desperately trying to keep up with your friends!,https://scontent-lhr8-1.cdninstagram.com/v/t51.2885-15/e35/89048013_196506391562506_7650965344770395878_n.jpg?_nc_ht=scontent-lhr8-1.cdninstagram.com&_nc_cat=110&_nc_ohc=e5Ik-WmadOMAX-BA8gL&tp=1&oh=9eb18ff558d827a60439e268634feb90&oe=600ECBF1&ig_cache_key=MjI1NjExODU3NzA5NjYxNTkxNQ%3D%3D.2
2020-03-01 16:04,Just trying to pull this rope in like...,https://scontent-lhr8-2.cdninstagram.com/v/t51.2885-15/e35/88198402_804418403402105_2919206743891041758_n.jpg?_nc_ht=scontent-lhr8-2.cdninstagram.com&_nc_cat=105&_nc_ohc=VovQVtzxXqcAX_-TTET&tp=1&oh=4a33b2d34ec629a16921072548ae35b8&oe=600DC230&ig_cache_key=MjI1NTM0OTY2MDEwNzQ1NjY0Nw%3D%3D.2
2020-02-26 19:57,Making new friends at #cudmoregrovecountrypark with @islanddogwalking #vizsla #borderterrier #dogsofinstagram #merseaisland #coastal #dogsatthebeach #dogs #vizslalove #dogphotography #actionshot,https://scontent-lht6-1.cdninstagram.com/v/t51.2885-15/e35/88197199_522633848686422_7076825184332894314_n.jpg?_nc_ht=scontent-lht6-1.cdninstagram.com&_nc_cat=106&_nc_ohc=SIv_WRrQyAQAX8T-wxz&tp=1&oh=b9b835a2dc1ab5dc26279c5ae7130b61&oe=600E46E5&ig_cache_key=MjI1MjU2ODEwMTIxODY0MzgwNw%3D%3D.2
2020-02-21 11:46,When you perfect the pose,https://scontent-lhr8-1.cdninstagram.com/v/t51.2885-15/e35/84977136_3484291664978411_2713392829071866087_n.jpg?_nc_ht=scontent-lhr8-1.cdninstagram.com&_nc_cat=111&_nc_ohc=pwflEbPL-B8AX_oo_b9&tp=1&oh=3294af8775a42bc952fec42c97f79663&oe=600E56A7&ig_cache_key=MjI0ODY5Njg5MzIzODU1NzMyMQ%3D%3D.2
2020-02-20 19:58,‚ÄúI know there‚Äôs squirrels in there. See you later!‚Äù,https://scontent-lhr8-1.cdninstagram.com/v/t51.2885-15/e35/84829903_206202560768146_3945083252404828878_n.jpg?_nc_ht=scontent-lhr8-1.cdninstagram.com&_nc_cat=110&_nc_ohc=sIXe0obvu5oAX-mToiY&tp=1&oh=49ad3fdcafd8533bda682c0cb235b3b7&oe=600D040D&ig_cache_key=MjI0ODIxOTkyNTY0NDYwNjE1MQ%3D%3D.2
2020-02-19 22:42,When you‚Äôre too lazy to actually chase the ball!,https://scontent-lhr8-2.cdninstagram.com/v/t51.2885-15/e35/85129014_107029857428989_3728487204340992477_n.jpg?_nc_ht=scontent-lhr8-2.cdninstagram.com&_nc_cat=101&_nc_ohc=FLHMpE6oStAAX9Nq2fY&tp=1&oh=93cc851e08900d9317fd6fc86b7dc0d3&oe=60107723&ig_cache_key=MjI0NzU3NzQ2ODkwOTM2Mjk1Nw%3D%3D.2
2020-02-17 14:58,"‚ÄòMum, why‚Äôs the sky on fire?‚Äô",https://scontent-lhr8-2.cdninstagram.com/v/t51.2885-15/e35/84279060_528532461404185_988910416161638917_n.jpg?_nc_ht=scontent-lhr8-2.cdninstagram.com&_nc_cat=101&_nc_ohc=NzR9R2RL8NgAX916ar5&tp=1&oh=0498408dcb37daf15b117d5087d9dc13&oe=600EA47F&ig_cache_key=MjI0NTg5NDQ3MjY3ODM4NzQ1Nw%3D%3D.2
2020-02-16 10:27,"When you get the whole gang together, Percy the #vizsla, Preston the #shoodle, Charlie the #terrier and Ruso the #poodle 
#dogfriends #dogsfriendship #dogsplaying #dogsplay #dogsofinstagram #dogs #dogstagram #dogsofinsta #dogslife #dogsofig #dogsonadventures",https://scontent-lht6-1.cdninstagram.com/v/t51.2885-15/e35/84647717_182010603134706_6666846451246181231_n.jpg?_nc_ht=scontent-lht6-1.cdninstagram.com&_nc_cat=106&_nc_ohc=1yEiqVx2AU8AX-mDoNQ&tp=1&oh=8e64fe93d84b9acf95b3db0fc04d7c27&oe=60100A92&ig_cache_key=MjI0NTAzMzU2NDU3ODAxNDc5MA%3D%3D.2
2020-02-16 10:24,I love to play with anyone no matter how big or small! üê∂üêï#vizsla #vizslasofinstagram #vizslagram #vizslapuppy #vizslalife #vizslaobsessed #vizslalover #dogsofinstagram #doglovers #doglife #dogs #dogwalk #dogsofig,https://scontent-lhr8-1.cdninstagram.com/v/t51.2885-15/e35/82252692_3178729768846699_5027385599939242017_n.jpg?_nc_ht=scontent-lhr8-1.cdninstagram.com&_nc_cat=107&_nc_ohc=qB7s51oI9ooAX8X2oyg&tp=1&oh=6b95d5a5e28bc170cffe947b0b8c2261&oe=600E3F40&ig_cache_key=MjI0NTAzMTg4ODgxMTEwMjIyNg%3D%3D.2
2020-02-13 14:56,Quick race with my friend Tide,https://scontent-lhr8-2.cdninstagram.com/v/t50.2886-16/86654898_126307722039530_4634399396859882142_n.mp4?efg=eyJ2ZW5jb2RlX3RhZyI6InZ0c192b2RfdXJsZ2VuLjcyMC5mZWVkLmRlZmF1bHQiLCJxZV9ncm91cHMiOiJbXCJpZ193ZWJfZGVsaXZlcnlfdnRzX290ZlwiXSJ9&_nc_ht=scontent-lhr8-2.cdninstagram.com&_nc_cat=102&_nc_ohc=uq8NbBNcRNMAX89jIaw&vs=17855487475790604_63940920&_nc_vs=HBkcFQAYJEdMSS1LZ1hxa09kTzRISUFBSjRxSG9XeXNWQkFia1lMQUFBRhUAAsgBACgAGAAbAYgHdXNlX29pbAEwFQAAJpjZ6aqU3rc%2FFQIoAkMzLBc%2F%2FmZmZmZmZhgSZGFzaF9iYXNlbGluZV8xX3YxEQB16gcA&oe=5FE78982&oh=e5d91f7879ee85c7f5b5e8ab3d558132
2020-02-12 14:21,Playing with my friend Dave the Dalmatian,https://scontent-lhr8-2.cdninstagram.com/v/t51.2885-15/e35/84005430_3489728027815177_528854151114516285_n.jpg?_nc_ht=scontent-lhr8-2.cdninstagram.com&_nc_cat=101&_nc_ohc=cxp7JtgkQxsAX-cU1Mt&tp=1&oh=f10fa5edb08f37833c42b87ef4c2f225&oe=600E8444&ig_cache_key=MjI0MjI1MTg5MzAzODYzMTMyNA%3D%3D.2
2020-02-10 17:26,When you miss the sunset because you‚Äôre facing the wrong way...,https://scontent-lhr8-1.cdninstagram.com/v/t51.2885-15/e35/83893470_186129062454335_8941502687047491668_n.jpg?_nc_ht=scontent-lhr8-1.cdninstagram.com&_nc_cat=111&_nc_ohc=H5v7tsuuudcAX_vaxQV&tp=1&oh=830224e04b8db70e7aa7c82a23ed7d76&oe=60106F46&ig_cache_key=MjI0MDg5NTcwMTczMzE2NDQxMw%3D%3D.2
2020-02-09 22:43,"‚ÄòIt wasn‚Äôt me, I promise!‚Äô",https://scontent-lhr8-1.cdninstagram.com/v/t51.2885-15/e35/84595987_183662346191854_832739049119925521_n.jpg?_nc_ht=scontent-lhr8-1.cdninstagram.com&_nc_cat=110&_nc_ohc=YcSLwY8CLHwAX9UmSnj&tp=1&oh=4cdfd06b9c4d05131aa6b148ecddb8c9&oe=60104878&ig_cache_key=MjI0MDMzMDE3Mjc5NDYxODUxOA%3D%3D.2
2020-02-08 19:06,Love going for a run with @lunatic_vizsla,https://scontent-lhr8-1.cdninstagram.com/v/t51.2885-15/e35/83908451_221054162390519_6734195346199420820_n.jpg?_nc_ht=scontent-lhr8-1.cdninstagram.com&_nc_cat=111&_nc_ohc=Ej8At_Dthz4AX_CBpLo&tp=1&oh=85d7078fc166593ccb5bc0be8c46d959&oe=600DCFC3&ig_cache_key=MjIzOTQ5NjIyMDgyMzQyNDI3Ng%3D%3D.2
2020-02-07 13:49,Following my friends into the water for the first time,https://scontent-lhr8-1.cdninstagram.com/v/t51.2885-15/e35/82697577_2560180484111590_2874040931526817490_n.jpg?_nc_ht=scontent-lhr8-1.cdninstagram.com&_nc_cat=110&_nc_ohc=S6XVFKXbBKMAX8SGWSu&tp=1&oh=4256dd84e7c835bcb248633dddb53bca&oe=60104AA7&ig_cache_key=MjIzODYxMTkyODkzMjk1NjgwNw%3D%3D.2
2020-02-06 15:25,When you can‚Äôt control your ears,https://scontent-lhr8-1.cdninstagram.com/v/t50.2886-16/85651185_607734820028611_439288698032387379_n.mp4?efg=eyJ2ZW5jb2RlX3RhZyI6InZ0c192b2RfdXJsZ2VuLjcyMC5mZWVkLmRlZmF1bHQiLCJxZV9ncm91cHMiOiJbXCJpZ193ZWJfZGVsaXZlcnlfdnRzX290ZlwiXSJ9&_nc_ht=scontent-lhr8-1.cdninstagram.com&_nc_cat=107&_nc_ohc=tbvuBNdKAHgAX-y7J7x&vs=18085812982153765_424822672&_nc_vs=HBkcFQAYJEdQSHVHZ1hEd0JCS3V5Z0NBRE4xRUZDX3FoZ0dia1lMQUFBRhUAAsgBACgAGAAbAYgHdXNlX29pbAEwFQAAJsqi9PDuvKBAFQIoAkMzLBdAEiHKwIMSbxgSZGFzaF9iYXNlbGluZV8xX3YxEQB16gcA&oe=5FE782FB&oh=35b83f7cc6a2fad03f9acd83fdaf8e2b
2020-02-05 17:21,Love meeting up with my friends,https://scontent-lht6-1.cdninstagram.com/v/t51.2885-15/e35/83033686_620385505173584_4707500895600995398_n.jpg?_nc_ht=scontent-lht6-1.cdninstagram.com&_nc_cat=108&_nc_ohc=RmQmTAqTe2sAX9plNzP&tp=1&oh=35cd6044d96d27ac10282bfa9aec32bc&oe=600E1FC3&ig_cache_key=MjIzNzI2OTM2Mjk1ODU3MTM0OQ%3D%3D.2
2020-02-04 13:28,"When you‚Äôre all confident when the sheep are far away, and get all sheepish as they come towards you!",https://scontent-lhr8-1.cdninstagram.com/v/t51.2885-15/e35/82700764_495045514728835_7479879096915008650_n.jpg?_nc_ht=scontent-lhr8-1.cdninstagram.com&_nc_cat=107&_nc_ohc=auI97qWaibwAX8sAbWU&tp=1&oh=104fa6f251795bab7779198894e6a40a&oe=600CABC5&ig_cache_key=MjIzNjQyNzE3Njc4MDE1NjgxNQ%3D%3D.2
2020-02-03 12:52,‚ÄúAm I fully grown yet mum?‚Äù,https://scontent-lhr8-1.cdninstagram.com/v/t51.2885-15/e35/83726469_140602317411537_2881640638505272520_n.jpg?_nc_ht=scontent-lhr8-1.cdninstagram.com&_nc_cat=109&_nc_ohc=dTWsauEYeZ4AX-ebp4R&tp=1&oh=92639b8b29697fb5b283546eb82d7938&oe=600ED1DC&ig_cache_key=MjIzNTY4NDI2MzM2ODUwOTA1OQ%3D%3D.2
2020-02-02 13:35,When you don‚Äôt want to be disturbed...,https://scontent-lhr8-1.cdninstagram.com/v/t51.2885-15/e35/83016286_1007492112950035_1988592587861254044_n.jpg?_nc_ht=scontent-lhr8-1.cdninstagram.com&_nc_cat=107&_nc_ohc=GYoJHGIQCG0AX8dWvUA&tp=1&oh=e8ca56d17ff92c91f6e657f6ea2348fa&oe=600D634C&ig_cache_key=MjIzNDk4MTA1MTA2NTkwNzg5NQ%3D%3D.2
2020-02-01 14:19,When someone tells you you‚Äôve got 200 followers üëÄ,https://scontent-lht6-1.cdninstagram.com/v/t51.2885-15/e35/82126183_117483409641660_6288393872154281014_n.jpg?_nc_ht=scontent-lht6-1.cdninstagram.com&_nc_cat=100&_nc_ohc=Z_nxPkT9u0IAX-HMx-L&tp=1&oh=8030197edd0c30b4ba0c1acc8c45d634&oe=600FD46B&ig_cache_key=MjIzNDI3ODU0MjA3MjQ4MTIwMQ%3D%3D.2
2020-01-31 11:22,Out for a quick ride today,https://scontent-lhr8-2.cdninstagram.com/v/t51.2885-15/e35/83627184_2772769199663740_4459674947741083402_n.jpg?_nc_ht=scontent-lhr8-2.cdninstagram.com&_nc_cat=104&_nc_ohc=MRpKBcTpuzcAX_oFq44&tp=1&oh=c996da1df96496249ead6457a564a7b8&oe=60106438&ig_cache_key=MjIzMzQ2NDM1NzAwODg2MzcwNQ%3D%3D.2
2020-01-30 12:57,Trying to keep up with my friend a,https://scontent-lht6-1.cdninstagram.com/v/t50.2886-16/84585313_594689804715432_4794115958326473332_n.mp4?efg=eyJ2ZW5jb2RlX3RhZyI6InZ0c192b2RfdXJsZ2VuLjcyMC5mZWVkLmRlZmF1bHQiLCJxZV9ncm91cHMiOiJbXCJpZ193ZWJfZGVsaXZlcnlfdnRzX290ZlwiXSJ9&_nc_ht=scontent-lht6-1.cdninstagram.com&_nc_cat=100&_nc_ohc=F5Qp6LPDAFwAX9bGISi&vs=18125170102012961_105562477&_nc_vs=HBkcFQAYJEdHR3JDZ1dveFk4QzNod0NBSFN5RkZRUUg0aENia1lMQUFBRhUAAsgBACgAGAAbAYgHdXNlX29pbAEwFQAAJsL%2F0vLfr7JAFQIoAkMzLBdAMpmZmZmZmhgSZGFzaF9iYXNlbGluZV8xX3YxEQB16gcA&oe=5FE75649&oh=665a622c920e5fd4e2a101a6124f2a18
2020-01-29 16:05,‚ÄòKeep Off The Wall‚Äô Never!,https://scontent-lhr8-2.cdninstagram.com/v/t51.2885-15/e35/82385207_1288715941338170_49375827956125777_n.jpg?_nc_ht=scontent-lhr8-2.cdninstagram.com&_nc_cat=102&_nc_ohc=Cq2KAW2Na_4AX93xQQ0&tp=1&oh=7fcc8e054867833a448da0c98cc78f48&oe=600DEA30&ig_cache_key=MjIzMjE1NzMyNzk1NDM1MTc2Mw%3D%3D.2
2020-01-29 10:01,When you try and fit in with your human family,https://scontent-lht6-1.cdninstagram.com/v/t51.2885-15/e35/82411135_1086443725031904_2463180454469064743_n.jpg?_nc_ht=scontent-lht6-1.cdninstagram.com&_nc_cat=100&_nc_ohc=qoUY-8X-5GwAX-gKxQK&tp=1&oh=e18d7c3704fbd6374f20dca18ebf624f&oe=600E80A8&ig_cache_key=MjIzMTk3NDExMzMzMTgwODAzOA%3D%3D.2
2020-01-28 16:05,Playing with my friend @barnabyback,https://scontent-lhr8-2.cdninstagram.com/v/t51.2885-15/e35/81609346_479639466033989_6305718211773750312_n.jpg?_nc_ht=scontent-lhr8-2.cdninstagram.com&_nc_cat=105&_nc_ohc=IwyoGLycXcQAX9iRXwV&tp=1&oh=9159c773480453cc7feb63e05bbfdd33&oe=600F0200&ig_cache_key=MjIzMTQzMjY4ODkwNzA5NjIwNg%3D%3D.2
2020-01-28 12:59,"I love seeing my friend Tide, we‚Äôve played together since we were puppies!",https://scontent-lhr8-2.cdninstagram.com/v/t51.2885-15/e35/81537214_1565368833616492_174481560620608598_n.jpg?_nc_ht=scontent-lhr8-2.cdninstagram.com&_nc_cat=104&_nc_ohc=du_IzsYgEfMAX9tlP6G&tp=1&oh=f70b31d2baea3aa784e3b9b74a9cb09f&oe=600E2762&ig_cache_key=MjIzMTMzODg5MzQxNDc3MTE3Nw%3D%3D.2
2020-01-27 13:50,When you realise it‚Äôs a friend not a foe,https://scontent-lhr8-2.cdninstagram.com/v/t51.2885-15/e35/83013670_171347314139569_8680732684049257405_n.jpg?_nc_ht=scontent-lhr8-2.cdninstagram.com&_nc_cat=101&_nc_ohc=5Mn9Qqu3ALsAX9Yl8M6&tp=1&oh=ef1e138d2181a1c05c09ac18d8269053&oe=601035A0&ig_cache_key=MjIzMDY0MDA3ODMyMDA0MDkwNw%3D%3D.2
2020-01-26 20:45,I love to spend my Sunday evenings completing a,https://scontent-lhr8-1.cdninstagram.com/v/t51.2885-15/e35/83277574_3604751836232073_887932713708696199_n.jpg?_nc_ht=scontent-lhr8-1.cdninstagram.com&_nc_cat=109&_nc_ohc=D4QZbn54kv8AX8Ez6cy&tp=1&oh=19db346e6405a43c153a7914edcf2bcc&oe=600D7BDC&ig_cache_key=MjIzMDEyMzk4MDk5MDI3Mzc3Mg%3D%3D.2
2020-01-26 09:33,You can never have too many treats,https://scontent-lhr8-2.cdninstagram.com/v/t51.2885-15/e35/83293868_2544698245849622_8366182149025483899_n.jpg?_nc_ht=scontent-lhr8-2.cdninstagram.com&_nc_cat=102&_nc_ohc=YVCLlPxJZUsAX88pFXm&tp=1&oh=69d6cbb2da148c5d2fe13ea65ff99521&oe=60101DB8&ig_cache_key=MjIyOTc4NTg2NjA0ODQ4NjA4Nw%3D%3D.2
2020-01-25 20:40,When you don‚Äôt know which bit of seaweed to eat first...,https://scontent-lhr8-2.cdninstagram.com/v/t51.2885-15/e35/81895424_633092647232593_8223660198979018133_n.jpg?_nc_ht=scontent-lhr8-2.cdninstagram.com&_nc_cat=101&_nc_ohc=zHw2liJadqMAX9uT5Gc&tp=1&oh=0658794edbc2ae7aa0e8a0a47b31ac34&oe=60101DAE&ig_cache_key=MjIyOTM5Njk5OTkxOTE4NzA2Mw%3D%3D.2
2020-01-24 11:32,That feeling when you get to play with friends!,https://scontent-lhr8-1.cdninstagram.com/v/t51.2885-15/e35/83252790_166893964636739_8258862972374059631_n.jpg?_nc_ht=scontent-lhr8-1.cdninstagram.com&_nc_cat=111&_nc_ohc=vJa1ByeRu_kAX8BlwfU&tp=1&oh=98613fff574b15cce1dadb01a92b0eef&oe=600E785B&ig_cache_key=MjIyODM5NjQwNjgyNDIwOTAzOQ%3D%3D.2
2020-01-23 15:55,Reflecting on the week like...,https://scontent-lht6-1.cdninstagram.com/v/t51.2885-15/e35/81377178_114737813235567_5547610884103194_n.jpg?_nc_ht=scontent-lht6-1.cdninstagram.com&_nc_cat=103&_nc_ohc=kqKS-G0YX1EAX9RPDws&tp=1&oh=5203d291877457fcbb4bf1f9618d4c06&oe=60108723&ig_cache_key=MjIyNzgwMzY4MTUxNDk5MjI3NQ%3D%3D.2
2020-01-23 10:52,When you get a little muddy from being cycled around,https://scontent-lht6-1.cdninstagram.com/v/t51.2885-15/e35/82569732_208429073531310_823123023212510677_n.jpg?_nc_ht=scontent-lht6-1.cdninstagram.com&_nc_cat=106&_nc_ohc=XdnaqW9jS5IAX_hpvVc&tp=1&oh=201836bdaf2b4eb806964bd6f3afb34d&oe=600DC9DF&ig_cache_key=MjIyNzY1MTE0MTc3NTI1Nzc1MA%3D%3D.2
2020-01-22 21:44,Ever wonder if you‚Äôre being watched?,https://scontent-lhr8-2.cdninstagram.com/v/t51.2885-15/e35/81386823_208194460342225_5155918627640878896_n.jpg?_nc_ht=scontent-lhr8-2.cdninstagram.com&_nc_cat=101&_nc_ohc=OOhaoqTBEWAAX862vZQ&tp=1&oh=220fbcbb07b87f6d4a5e2048a9b6c84a&oe=600D0E00&ig_cache_key=MjIyNzI1NDcxMzgxOTEwOTMzNQ%3D%3D.2
2020-01-22 09:45,Don‚Äôt tell my owner but I‚Äôve got a bit of a taste for seaweed!,https://scontent-lhr8-1.cdninstagram.com/v/t51.2885-15/e35/81809433_2478131645761487_4931838040697051933_n.jpg?_nc_ht=scontent-lhr8-1.cdninstagram.com&_nc_cat=111&_nc_ohc=FTMOEvFCbI8AX_F0hB5&tp=1&oh=79ea444212ed954a4da1c7181292fa1e&oe=600D2A56&ig_cache_key=MjIyNjg5MjY3NzE3NjIxNjk2OA%3D%3D.2
2020-01-21 10:51,Discovered what ice was this morning! I might be light enough to stand on it at the moment (but maybe not for long! üê∂),https://scontent-lht6-1.cdninstagram.com/v/t51.2885-15/e35/s1080x1080/80898233_471580540196612_8075105134261960323_n.jpg?_nc_ht=scontent-lht6-1.cdninstagram.com&_nc_cat=108&_nc_ohc=qYRAQc3zVH0AX83AhfH&tp=1&oh=7ae5620797b225f55e1a6c4bfb468f86&oe=600D1F17
2020-01-20 09:56,Never take your eyes off your treats!,https://scontent-lhr8-2.cdninstagram.com/v/t51.2885-15/e35/s1080x1080/81325052_196974564759733_4284062587926130859_n.jpg?_nc_ht=scontent-lhr8-2.cdninstagram.com&_nc_cat=101&_nc_ohc=BwfUfJlyMfAAX8AZOI2&tp=1&oh=e83cbc3a26ab10446591ce72af24bdd3&oe=600EAFCA
2020-01-19 15:25,Time for a sausage and drink @tiptreetearooms at the Lock.,https://scontent-lhr8-1.cdninstagram.com/v/t51.2885-15/e35/s1080x1080/82672791_637838900295239_4933811405550346703_n.jpg?_nc_ht=scontent-lhr8-1.cdninstagram.com&_nc_cat=111&_nc_ohc=3JPGMAXN19EAX_d8u_u&tp=1&oh=c4f2321c848edffaa3df45caf62bd020&oe=600EFFFA
2020-01-18 11:01,Starting today off with some admin,https://scontent-lhr8-1.cdninstagram.com/v/t51.2885-15/e35/s1080x1080/82660704_1310839422423370_5663535135811573702_n.jpg?_nc_ht=scontent-lhr8-1.cdninstagram.com&_nc_cat=110&_nc_ohc=Y8PKd5vdpAAAX8wAKe7&tp=1&oh=9f8053c07b9466b3d946aa6e6bc7827c&oe=600D6E21
2020-01-17 11:34,"Enjoying the beach, not too keen on the cold water though!",https://scontent-lhr8-1.cdninstagram.com/v/t51.2885-15/e35/s1080x1080/81127627_3282390765233171_3551578446068028275_n.jpg?_nc_ht=scontent-lhr8-1.cdninstagram.com&_nc_cat=111&_nc_ohc=t-PdPUSrzdUAX-cCx79&tp=1&oh=87d15ae4b1870c61f76c508eb090ba74&oe=600CDE55
2020-01-16 19:30,Making sure my paws don‚Äôt go in that cold January water!,https://scontent-lhr8-2.cdninstagram.com/v/t50.2886-16/83026691_198459141285953_1350642703325505979_n.mp4?efg=eyJ2ZW5jb2RlX3RhZyI6InZ0c192b2RfdXJsZ2VuLjcyMC5mZWVkLmRlZmF1bHQiLCJxZV9ncm91cHMiOiJbXCJpZ193ZWJfZGVsaXZlcnlfdnRzX290ZlwiXSJ9&_nc_ht=scontent-lhr8-2.cdninstagram.com&_nc_cat=105&_nc_ohc=kDOyPo-3fzIAX_oHnys&vs=17848285855861570_2381414069&_nc_vs=HBkcFQAYJEdBUGo4Z1JCYUo1ZWY3UUFBTHVwTVBaaGNyNFNia1lMQUFBRhUAAsgBACgAGAAbAYgHdXNlX29pbAEwFQAAJoTA5%2BL7urQ%2FFQIoAkMzLBdAJDMzMzMzMxgSZGFzaF9iYXNlbGluZV8xX3YxEQB16gcA&oe=5FE742DB&oh=f93813623357b1c47731ddd7d4dfa064
2020-01-15 18:06,Found some friends on Mersea island. Great fun in the sun #cudmoregrovecountrypark @islanddogwalker #vizsla #merseaisland #funinthesun #vizslasofinstagram #dogdreams #vizslalove #vizslalife,https://scontent-lhr8-1.cdninstagram.com/v/t50.2886-16/82773602_2524183807852099_4785718275781896314_n.mp4?efg=eyJ2ZW5jb2RlX3RhZyI6InZ0c192b2RfdXJsZ2VuLjcyMC5mZWVkLmRlZmF1bHQiLCJxZV9ncm91cHMiOiJbXCJpZ193ZWJfZGVsaXZlcnlfdnRzX290ZlwiXSJ9&_nc_ht=scontent-lhr8-1.cdninstagram.com&_nc_cat=107&_nc_ohc=mpEFKj7ds7sAX8Y6Q8w&vs=17852990905775125_4129823595&_nc_vs=HBksFQAYJEdHSUc3d1JELWpaWHUtY0lBSG9vRTM5cVNXcENia1lMQUFBRhUAAsgBABUAGCRHRFNiOEFTVDE2YXBWWjBBQUliRnQtVnZOOWd4YmtZTEFBQUYVAgLIAQAoABgAGwGIB3VzZV9vaWwBMBUAACaq6q%2Be68y2PxUCKAJDMywXQC%2FMzMzMzM0YEmRhc2hfYmFzZWxpbmVfMV92MREAdeoHAA%3D%3D&oe=5FE75BD4&oh=570194d925429280b2d0173830096d12
2020-01-15 12:08,Just caught dinner! Seafood is my favourite,https://scontent-lht6-1.cdninstagram.com/v/t51.2885-15/e35/s1080x1080/80603426_2637433783039830_1318914984020230517_n.jpg?_nc_ht=scontent-lht6-1.cdninstagram.com&_nc_cat=106&_nc_ohc=WCstmnJQfS4AX9y-W_2&tp=1&oh=edb6974343a4cf189fcf32dfa199ce47&oe=600F5A6E
2020-01-14 10:44,Day out in Maldon with the barges. Maybe next time I‚Äôll be allowed onboard!,https://scontent-lht6-1.cdninstagram.com/v/t51.2885-15/e35/81477347_164920714826312_8981772248399025577_n.jpg?_nc_ht=scontent-lht6-1.cdninstagram.com&_nc_cat=108&_nc_ohc=ixttA-l4k4kAX8Pl39f&tp=1&oh=2ea853da0d9aa51d7b3f63ab7df222e1&oe=600D1E9B
2020-01-13 09:19,When you‚Äôve got that Monday morning feeling,https://scontent-lht6-1.cdninstagram.com/v/t51.2885-15/e35/s1080x1080/80050079_161727201774798_1874834580419642573_n.jpg?_nc_ht=scontent-lht6-1.cdninstagram.com&_nc_cat=106&_nc_ohc=SmVdvm3rhAoAX-FkufF&tp=1&oh=dc1b38969a5eae84648a0c08bd44b48b&oe=600FAAED
2020-01-12 14:10,Just being chauffeured to my playground,https://scontent-lhr8-1.cdninstagram.com/v/t50.2886-16/83209716_463088451054931_8602455956168299278_n.mp4?efg=eyJ2ZW5jb2RlX3RhZyI6InZ0c192b2RfdXJsZ2VuLjcyMC5mZWVkLmRlZmF1bHQiLCJxZV9ncm91cHMiOiJbXCJpZ193ZWJfZGVsaXZlcnlfdnRzX290ZlwiXSJ9&_nc_ht=scontent-lhr8-1.cdninstagram.com&_nc_cat=107&_nc_ohc=QwcDo1K7lUUAX8RbCV7&vs=17851484965809070_1061274719&_nc_vs=HBkcFQAYJEdQU3Q5UVJUN1o4dUxhVUJBQTdUV2tjZEVHSjNia1lMQUFBRhUAAsgBACgAGAAbAYgHdXNlX29pbAEwFQAAJtyE4%2BuW9bU%2FFQIoAkMzLBdAMDul41P3zxgSZGFzaF9iYXNlbGluZV8xX3YxEQB16gcA&oe=5FE72BE5&oh=6e4e7adfd91b1a63ff1eb11ec442034e
2020-01-11 14:14,Another day in paradise,https://scontent-lhr8-1.cdninstagram.com/v/t51.2885-15/e35/s1080x1080/81189403_174068957032450_1750739033817446671_n.jpg?_nc_ht=scontent-lhr8-1.cdninstagram.com&_nc_cat=110&_nc_ohc=Fv49Fkc0K1wAX-wdAI6&tp=1&oh=e93c5e693814d31b2a3d29dd69c1143e&oe=600F0380
2020-01-10 14:58,I‚Äôm a lucky dog to live and walk here everyday,https://scontent-lhr8-2.cdninstagram.com/v/t50.2886-16/82548277_757725118054610_4962126780789850937_n.mp4?efg=eyJ2ZW5jb2RlX3RhZyI6InZ0c192b2RfdXJsZ2VuLjcyMC5mZWVkLmRlZmF1bHQiLCJxZV9ncm91cHMiOiJbXCJpZ193ZWJfZGVsaXZlcnlfdnRzX290ZlwiXSJ9&_nc_ht=scontent-lhr8-2.cdninstagram.com&_nc_cat=102&_nc_ohc=Cz1TgcgQ_PEAX8guWyI&vs=17851322047768122_764301340&_nc_vs=HBkcFQAYJEdEV1c2d1RTd0hfZ0piRUNBRG1EYmtNRUJOMUVia1lMQUFBRhUAAsgBACgAGAAbAYgHdXNlX29pbAEwFQAAJvSrhpXZ67U%2FFQIoAkMzLBdAK1T987ZFohgSZGFzaF9iYXNlbGluZV8xX3YxEQB16gcA&oe=5FE7A096&oh=fc636f6652f64a26ce2dec346d4fe163
2020-01-09 17:56,Puppy pushchair before all my injections,https://scontent-lhr8-2.cdninstagram.com/v/t51.2885-15/e35/s1080x1080/80539376_1248389082023881_1901927087420750390_n.jpg?_nc_ht=scontent-lhr8-2.cdninstagram.com&_nc_cat=101&_nc_ohc=Wph5YqhGYlIAX_dgd5d&tp=1&oh=ff5dc23ef58963906fa98570be7d45b4&oe=60103005
2020-01-09 17:52,Early adventures in the bike trailer,https://scontent-lhr8-2.cdninstagram.com/v/t51.2885-15/e35/p1080x1080/82243289_843211189517776_7302363049629525564_n.jpg?_nc_ht=scontent-lhr8-2.cdninstagram.com&_nc_cat=104&_nc_ohc=9bDgkNJn9mkAX_zw-R_&tp=1&oh=9c2662472048c68e7159547921ed1bd8&oe=600F0D98
2020-01-09 17:50,The start of Percy‚Äôs Adventures in his new home,https://scontent-lht6-1.cdninstagram.com/v/t51.2885-15/e35/s1080x1080/80127787_2582234668689084_2733902216018890591_n.jpg?_nc_ht=scontent-lht6-1.cdninstagram.com&_nc_cat=100&_nc_ohc=M28rcC0Ysi8AX-ys6TH&tp=1&oh=a515c7d26ed3033a59d2e90c611f4483&oe=600E54BE
